ASIN,Category,Sub-Category
B000M2AEMU,Body Washer,Body Washer
B00238TJUY,Stocking Aid,Stocking Aid
B00HYABFTO,Wheelchair,Folding Wheelchair
B012F2PH44,Aktive Reacher,Aktive Reacher
B01LW2RYWZ,Grab Rail,Grab Rail
B01LW3Y2YW,Grab Rail,Grab Rail
B07LF68SJK,Cushions,Car Backrest Pillow
B07T896SSW,Wheelchair,MAC Wheelchair
B07T8BDBHT,Wheelchair,MAC Wheelchair
B07W4H58AZM,Wheelchair,Bathroom Wheelchair
B07W4H58QM,Wheelchair,Bathroom Wheelchair
B07W4H6BBV,Wheelchair,Bathroom Wheelchair
B081T9R7J8,Wheelchair,Bathroom Wheelchair
B081TFHRJD,Wheelchair,Bathroom Wheelchair
B0897VYLSP,PPE Kit,PPE Kit
B089B5L5SF,Sanitizer Container,Sanitizer Container
B08CSTSZYV,Face Shield,Face Shield
B08CVGY891,Face Mask,Masks
B08CVHHSN3,Face Mask,Masks
B08CZWTTW3,Oxygen Concentator,Oxygen Concentator
B08D3PHJH1,Face Shield,Face Shield
B08F3FKJBZ,Face Mask,Masks
B08GCJRZ5S,Face Mask,Masks
B08GFWGXNC,Face Mask,Masks
B08GS9XFD5,Face Mask,Masks
B08HAZT96AZ3,Face Mask,Masks
B08HQT96Q3,Face Mask,Masks
B08HVAZGVGX,Face Mask,Masks
B08HVQGVGX,Face Mask,Masks
B08JLJVVFP,Face Mask,Masks
B08P1MXDRK,Face Mask,Masks
B08RDVHNH5,Face Mask,Masks
B08RDVYDL3,Face Mask,Masks
B08RHZSHTL,Face Mask,Masks
B08RJ98JFM,Face Mask,Masks
B08RJFDPFAZ,Face Mask,Masks
B08RJFDPFQ,Face Mask,Masks
B08Y5NX7SL,Mattress Overlay System,Mattress Overlay System
B08ZKD4HSJ,Stool,Commode stool
B093HJ5RXW,Oxygen Concentrator Machine,Oxygen Concentrator Machine
B093LH8TMZ,Face Mask,Masks
B093LJ2P1B,Face Mask,Masks
B093YBRNGY,Oxygen Concentrator Machine,Oxygen Concentrator Machine
B0941HZZDC,Oxygen Concentrator Machine,Oxygen Concentrator Machine
B09422M18B,Oxygen Concentator,Oxygen Concentator
B095QKJMYT,Oxygen Concentator,Oxygen Concentator
B09AZ4ZKXLH,Face Mask,Masks
B09AZ57WTC7,Face Mask,Masks
B09AZ591P4L,Face Mask,Masks
B09AZ5SX4FW,Face Mask,Masks
B09CAZCAZKG3,Face Mask,Masks
B09CAZFXBZ2,Face Mask,Masks
B09CAZG143J,Face Mask,Masks
B09CAZGH4DT,Face Mask,Masks
B09CAZHG46G,Face Mask,Masks
B09CQCQKG3,Face Mask,Masks
B09CQFXBZ2,Face Mask,Masks
B09CQG143J,Face Mask,Masks
B09CQGH4DT,Face Mask,Masks
B09CQHG46G,Face Mask,Masks
B09GYFBF8L,Face Mask,Masks
B09GYGN6FX,Face Mask,Masks
B09GYGSHBK,Face Mask,Masks
B09GYGZ62D,Face Mask,Masks
B09HTVNPRH,Wheelchair,Folding Wheelchair
B09HTVYRQ8,Wheelchair,Folding Wheelchair
B09K4J6TYF,Face Mask,Masks
B09K4JJTMB,Face Mask,Masks
B09K4JMJZ1,Face Mask,Masks
B09K4LDN8M,Face Mask,Masks
B09K5BFJG2,Face Mask,Masks
B09K5CBBHN,Face Mask,Masks
B09K5CGHPV,Face Mask,Masks
B09K5CKDPS,Face Mask,Masks
B09K5CP9PX,Face Mask,Masks
B09K5CSWB1,Face Mask,Masks
B09K5CV5XY,Face Mask,Masks
B09K5CZ94K,Face Mask,Masks
B09LZ2SPDP,Face Mask,Masks
B09LZ3WWFL,Face Mask,Masks
B09M3T63YZ,Face Mask,Masks
B09M3XD9BV,Face Mask,Masks
B09M3XN6F9,Face Mask,Masks
B09M3Y1FLY,Face Mask,Masks
B09M3Y7YVD,Face Mask,Masks
B09M3YK8AZR,Face Mask,Masks
B09M3YK8QR,Face Mask,Masks
B09M3Z2HTC,Face Mask,Masks
B09M41K85K,Face Mask,Masks
B09M41RWXD,Face Mask,Masks
B09M429LZ8,Face Mask,Masks
B09MN3RAZY2,Face Mask,Masks
B09MN3RQY2,Face Mask,Masks
B09MN4ZTN2,Face Mask,Masks
B09MS6Z334,Face Mask,Masks
B09NHVFXJ2,Face Mask,Masks
B09Q4ZKXLH,Face Mask,Masks
B09Q57WTC7,Face Mask,Masks
B09Q591P4L,Face Mask,Masks
B09RV5JVMM,Insoles,Dual Gel Insoles
B09RV5MGAZ2,Insoles,Dual Gel Insoles
B09RV5MGQ2,Insoles,Dual Gel Insoles
B09RV5Y43H,Insoles,Dual Gel Insoles
B09RV66TF4,Insoles,Dual Gel Insoles
B09RX3BFGM,Insoles,Dual Gel Insoles
B09RX44FTT,Insoles,Dual Gel Insoles
B09S34ZAZXD,Face Mask,Masks
B09S34ZQXD,Face Mask,Masks
B09S35LCL9,Face Mask,Masks
B09S3S3CVW,Face Mask,Masks
B09S3S3LBX,Face Mask,Masks
B09S3SSKMB,Face Mask,Masks
B09S3T635C,Face Mask,Masks
B09S3THH21,Face Mask,Masks
B09S3TJ3W5,Face Mask,Masks
B09Y95AZXT4,Cushions,Lumbar Cushion
B09Y95QXT4,Cushions,Lumbar Cushion
B09YRHLXR8,Cushions,Wedge Cushion
B0B1AZTNJ2H,Wheelchair,Folding Wheelchair
B0B1AZV2DAZS,Wheelchair,Bathroom Wheelchair
B0B1AZVPWM5,Cushions,Lumbar Cushion
B0B1QTNJ2H,Wheelchair,Folding Wheelchair
B0B1QV2DQS,Wheelchair,Bathroom Wheelchair
B0B1QVPWM5,Cushions,Lumbar Cushion
B0B25DVAZHP,Cushions,Wedge Cushion
B0B25DVQHP,Cushions,Wedge Cushion
B0B25FF4JV,Cushions,Wedge Cushion
B0B3R5L12C,Face Mask,Masks
B0B3R5MJBD,Face Mask,Masks
B0B3R61RBAZ,Face Mask,Masks
B0B3R61RBQ,Face Mask,Masks
B0B3R63H8C,Face Mask,Masks
B0B3R6W1XY,Face Mask,Masks
B0B3R72PX9,Face Mask,Masks
B0B3R77AZH6,Face Mask,Masks
B0B3R77QH6,Face Mask,Masks
B0B3R81F1P,Face Mask,Masks
B0B3R8C9WZ,Face Mask,Masks
B0B3R8C9X1,Face Mask,Masks
B0B3R8JFGV,Face Mask,Masks
B0B3R8KN2K,Face Mask,Masks
B0B3R8PVK9,Face Mask,Masks
B0B3R8TFJL,Face Mask,Masks
B0B3R9WGPN,Face Mask,Masks
B0B3RB17Y8,Face Mask,Masks
B0B3RB2X37,Face Mask,Masks
B0B3RB2ZPD,Face Mask,Masks
B0B3RBMAZVL,Face Mask,Masks
B0B3RBMQVL,Face Mask,Masks
B0B3RBMXJT,Face Mask,Masks
B0B6474PKS,Cushions,Wedge Cushion
B0B647S4VZ,Cushions,Wedge Cushion
B0B6482GH7,Cushions,Wedge Cushion
B0B8JAZ4AZAZX,Insoles,Gel Cloud Insoles
B0B8JKYMFAZ,Insoles,Gel Cloud Insoles
B0B8JKYMFQ,Face Mask,Masks
B0B8JMGNKJ,Insoles,Gel Cloud Insoles
B0B8JNKFBM,Insoles,Gel Cloud Insoles
B0B8JPP644,Insoles,Gel Cloud Insoles
B0B8JQ4QQX,Insoles,Gel Cloud Insoles
B0B8JRJHC7,Insoles,Gel Cloud Insoles
B0BGH4BDYAZ,Cushions,Coccyx Seat Cushion
B0BGH4BDYQ,Cushions,Coccyx Seat Cushion
B0BGH9NAZDM,Cushions,Coccyx Seat Cushion
B0BGH9NQDM,Cushions,Coccyx Seat Cushion
B0BH8FHRNH,Cushions,Socket Seat Cushion
B0BH8FLLHX,Cushions,Socket Seat Cushion
B0BKLBGBY6,Cushions,Coccyx Seat Cushion
B0BKLBMVP5,Cushions,Coccyx Seat Cushion
B0BKLBSCJL,Cushions,Coccyx Seat Cushion
B0BKLD1N9AZ,Cushions,Coccyx Seat Cushion
B0BKLD1N9Q,Cushions,Coccyx Seat Cushion
B0BM3D1Z8K,Commode Chair,Commode Chair
B0BM3M8SD6,Commode Chair,Commode Chair
B0BN7VLG68,Cushions,Lumbar Cushion
B0BN8XCLMK,Cushions,Lumbar Cushion
B0BS74W4Y7,Cushions,Sleeping Pillow
B0BS9L4C1J,Cushions,Sleeping Pillow
B0BSN8982K,Cushions,Sleeping Pillow
B0BSN9NSRT,Cushions,Sleeping Pillow
B0BSN9Z2TV,Cushions,Sleeping Pillow
B0BSNB642S,Cushions,Sleeping Pillow
B0BSX9587P,Cushions,Wedge Cushion
B0BSXBJZWG,Cushions,Wedge Cushion
B0BTM95S38,Cushions,Cushions Combo
B0BTMCCJZ3,Cushions,Cushions Combo
B0BTMD3VDC,Cushions,Cushions Combo
B0BXKSZM1V,Insoles,Heel Cup
B0BXKT3K3L,Insoles,Heel Cup
B0BXKTG84M,Insoles,Heel Cup
B0BXKTHFFK,Insoles,Heel Cup
B0BXKW3X3Y,Insoles,Heel Cup
B0BXKX5ZAZC,Insoles,Heel Cup
B0BXKX5ZQC,Insoles,Heel Cup
B0C3XC6JG5,Cushions,Lumbar Cushion
B0C3XCQYM2,Cushions,Lumbar Cushion
B0C53GWWJ8,Cushions,Cushions Combo
B0C58CSWR2,Cushions,Coccyx Seat Cushion
B0C96VW2LP,Insoles,Arch Support Insoles
B0C96X89BB,Insoles,Arch Support Insoles
B0C96XN5D8,Insoles,Arch Support Insoles
B0C9CBXC2M,Insoles,Arch Support Insoles
B0C9CNTK1Q,Insoles,Arch Support Insoles
B0C9CQ78S1,Insoles,Arch Support Insoles
B0C9TVJM1R,Wheelchair,SAC Wheelchair
B0CBKGQB3R,Cushions,Ultimate Pro Seat Cushion
B0CBTR44KQ,Commode Chair,Commode Chair
B0CBTS9GWR,Commode Chair,Commode Chair
B0CG35MRCX,Insoles,Max Comfort Insoles
B0CG35T6BH,Insoles,Max Comfort Insoles
B0CG38FXMP,Insoles,Max Comfort Insoles
B0CG392R12,Insoles,Max Comfort Insoles
B0CGXL7VLL,Commode Chair,Commode Chair
B0CJ5CWXQ5,Cushions,Ultimate Pro Back Cushion
B0CJ8VYBQP,Cushions,Ultimate Pro Combo
B0CJXR1558,Cushions,Sleeping Pillow
B0CJXR2H69,Cushions,Sleeping Pillow
B0CJXRYNMW,Cushions,Sleeping Pillow
B0CPBWCXRD,Cushions,Sleeping Pillow
B0CPYSWJV5,Cushions,Car Neck Rest Pillow
B0CPZD4PQT,Cushions,Cervical Neck Pillow
B0CPZGCS4L,Cushions,Cervical Neck Pillow
B0CPZQK127,Cushions,Cervical Neck Pillow
B0CQ4S4DCF,Cushions,Car Neck Rest Pillow
B0CQ52GSSN,Cushions,Cervical Neck Pillow
B0CQ54NWGG,Cushions,Cervical Neck Pillow
B0CQ55D6VN,Cushions,Cervical Neck Pillow
B0CQ562LLQ,Cushions,Cervical Neck Pillow
B0CQ563PHZ,Cushions,Cervical Neck Pillow
B0CQ56T1D7,Cushions,Cervical Neck Pillow
B0CR3HPYD7,Cushions,Cervical Neck Pillow
B0CR3N4LH6,Cushions,Cervical Neck Pillow
B0CR3PBD24,Cushions,Cervical Neck Pillow
B0CR3PQ4T9,Cushions,Cervical Neck Pillow
B0CR3VY132,Cushions,Cervical Neck Pillow
B0CR3YRL66,Cushions,Cervical Neck Pillow
B0CR416YKM,Cushions,Cervical Neck Pillow
B0CR439CQL,Cushions,Cervical Neck Pillow
B0CR46XWY7,Cushions,Cervical Neck Pillow
B0CR7FGNF1,Cushions,Car Neck Rest Pillow
B0CR7FQ2VT,Cushions,Car Neck Rest Pillow
B0CR7FT1YB,Cushions,Car Neck Rest Pillow
B0CR7GC2QW,Cushions,Car Neck Rest Pillow
B0CTFBC4FC,Insoles,Ball Of Foot Cushions
B0CTFCXDDW,Insoles,Ball Of Foot Cushions
B0CTFDVX32,Insoles,Ball Of Foot Cushions
B0CYV68HV1,Cushions,Cozy Sleep Pillow
B0CYWKQGJW,Cushions,Cozy Sleep Pillow
B0CZ7DDBY6,Cushions,Office Neck Rest Pillow
B0CZ7DP838,Cushions,Office Neck Rest Pillow
B0CZ7DQSNP,Cushions,Office Neck Rest Pillow
B0CZ7F1CYZ,Cushions,Office Neck Rest Pillow
B0CZ7F4SBF,Cushions,Office Neck Rest Pillow
B0CZ7G4JW8,Cushions,Car Neck Rest Pillow
B0CZ939KBC,Cushions,Car Backrest Pillow
B0D1R6QDCT,Cushions,Piles Seat Cushion
B0D1RH1FGP,Cushions,Tailbone Relief Cushion
B0D1RH1FGP ,Cushions,Tailbone Relief Cushion
B0D1RHW4GN,Cushions,Tailbone Relief Cushion
B0D1RHW4GN ,Cushions,Tailbone Relief Cushion
B0D2H84KYS,Cushions,Car Neck Rest Pillow
B0D31TM3XL,Cushions,Sleeping Pillow
B0D31TT9X9,Cushions,Sleeping Pillow
B0D352QHZP,Cushions,Cozy Sleep Pillow
B0D3XCZDTP,Cushions,Wedge Cushion
B0D3XTXGT4,Cushions,Wedge Plus
B0D3XX9TJZ,Cushions,Wedge Plus
B0D62GY2WK,Cushions,Car Neck Rest Pillow
B0D62KWFPD,Cushions,Car Neck Rest Pillow
B0D6Z15DB8,Insoles,Rigid Arch Support Insole
B0D6Z3B4FC,Insoles,Rigid Arch Support Insole
B0D6Z3XW47,Insoles,Rigid Arch Support Insole
B0D849W8FB,Insoles,Memory Hi-Per Foam Insole
B0D84BNQTG,Insoles,Memory Hi-Per Foam Insole
B0D86WVHRH,Insoles,Memory Hi-Per Foam Insole
B0D873BJJT,Insoles,Memory Hi-Per Foam Insole
B0D873BSBQ,Insoles,Memory Hi-Per Foam Insole
B0D873W8KM,Insoles,Memory Hi-Per Foam Insole
